model,RMSE,MAE,R2,MASE
Naive (t-1),59.0250771792337,48.084570320301694,-0.9752500327123843,1.003673103530951
LinearRegression,41.190998104253005,33.901975301976826,0.03804760228180626,0.7076386570683042
RandomForest,41.94805628048901,34.58679772410202,0.002362800790031927,0.721933010562647
